lat,lng,name,url,
34.0430586602 , -118.267242908 , STAPLES Center , https://foursquare.com/item/4cd338924f6d6a3109fd0911 , 
34.0443432694 , -118.267060518 , Nokia Theatre , https://foursquare.com/item/505f43a7e4b02078ac3e18aa , 
34.045081 , -118.265784 , Yard House , https://foursquare.com/item/4cad0b918882199cfd4147d4 , 
34.0437261818 , -118.266089637 , STAPLES Center VIP SUITES , https://foursquare.com/item/5245a6d611d24c95ff9725ee , 
34.0445914264 , -118.264428051 , The GRAMMY Museum , https://foursquare.com/item/4ba3f26970c603bbe20595b4 , 
34.0435920643 , -118.26593399 , Nike Vault , https://foursquare.com/item/4d8aff376daeb60cc7f96fe0 , 
34.0453269927 , -118.26637708 , WP24 by Wolfgang Puck , https://foursquare.com/item/4c9a8ed0775abfb7e0644c67 , 
34.0444664003 , -118.263862765 , Caña Rum Bar , https://foursquare.com/item/4bacfedf70c603bbb5c595b4 , 
34.044834 , -118.264482 , Fleming's Prime Steakhouse & Wine Bar , https://foursquare.com/item/4c811abd6bd49521c458bdd2 , 
34.0429253793 , -118.264359531 , Palm Restaurant , https://foursquare.com/item/4b62124470c603bb930691b4 , 
34.0453344944 , -118.262028694 , Faith & Flower , https://foursquare.com/item/535ed24e498e03a0fc11db8a , 
34.0463768239 , -118.262895048 , The Original Pantry , https://foursquare.com/item/4cf7f0a887a55941bb336c2c , 
34.0430230998 , -118.266878128 , Hyde Lounge , https://foursquare.com/item/4bbc093d70c603bb17ff96b4 , 
34.044971 , -118.263978 , Katsuya LA Live , https://foursquare.com/item/4ce186e0d58c60fc8a7ea66f , 
34.0426497147 , -118.263401985 , BottleRock LA , https://foursquare.com/item/4e386ce218a8d2fcc6215789 , 
34.0459068439 , -118.267639042 , Regal Cinemas LA LIVE 14 , https://foursquare.com/item/4c26abbe905a0f479ec66360 , 
34.0443995377 , -118.260687995 , Grand Hope Park , https://foursquare.com/item/4dc87a39091a2f566c7a84df , 
34.0445521833 , -118.265161514 , Club Nokia , https://foursquare.com/item/4cdaf03239172d43975482d8 , 
34.0487859967 , -118.261002049 , Mendocino Farms , https://foursquare.com/item/5483ff5a498e9f3f79315cd4 , 
34.0457422647 , -118.264353821 , Veranda Bar at the Hotel Figueroa , https://foursquare.com/item/4c937d87a25fef3b21981123 , 
34.0490325949 , -118.26059103 , Sprinkles Cupcakes , https://foursquare.com/item/514cc760e4b0fbc8360800db , 
34.045298935 , -118.26492548 , Rosa Mexicano , https://foursquare.com/item/4dc85728cc3f1477f4c751ee , 
34.0451935335 , -118.2567537 , Colori Kitchen , https://foursquare.com/item/4b7634ab70c603bbcf2192b4 , 
34.043711039 , -118.264096874 , El Cholo , https://foursquare.com/item/4d82d4c99324236a63ef980e , 
34.0429004967 , -118.257513166 , The Stocking Frame , https://foursquare.com/item/520ef37711d29a4ddc6d1ec9 , 
34.0431281763 , -118.260665155 , Yojie Japanese Fondue , https://foursquare.com/item/4b757ccc70c603bb831492b4 , 
34.044330089 , -118.260653734 , FIDM Museum & Gallery , https://foursquare.com/item/50411452e4b0af4f728d32fd , 
34.0469791023 , -118.260644674 , Bar | Kitchen , https://foursquare.com/item/4d3e8bcfac038eecac196cfc , 
34.0418673788 , -118.259904385 , The Well , https://foursquare.com/item/5170356f498e3727cf322567 , 
34.0419269304 , -118.256776551 , Upstairs Rooftop Lounge at Ace Hotel , https://foursquare.com/item/52fd8f82498eb13ce1d00c02 , 
34.0442588148 , -118.265054226 , Lawry's Carvery , https://foursquare.com/item/50f4cee1e4b01ffa8771b2a5 , 
34.0478312685 , -118.261578764 , Soleto , https://foursquare.com/item/504ffa81e4b0fd41b57aadd1 , 
34.0453045935 , -118.259922844 , Simply Salad , https://foursquare.com/item/4c8fe40f3790199c96f3916b , 
34.04583822 , -118.2612171 , Robeks Fresh Juices & Smoothies , https://foursquare.com/item/5089e618e4b0cc370292ffaa , 
34.0425099263 , -118.267197352 , Chairman's Room , https://foursquare.com/item/53e5f5ad498e335f6861d423 , 
34.0487481314 , -118.260676861 , FIGat7th , https://foursquare.com/item/51ca1398e4b0887919fa4a8b , 
34.0481051982 , -118.258809371 , Victoria's Secret , https://foursquare.com/item/542e57d3498eed5f9fc73367 , 
34.0465790655 , -118.26123476 , Honeycut , https://foursquare.com/item/52f965f4498e76f0926942e3 , 
34.0457197763 , -118.261247581 , Starbucks , https://foursquare.com/item/4feb3ddee4b0f4961b749943 , 
34.0448188811 , -118.258439898 , Uncle John's Cafe , https://foursquare.com/item/4dd76abbfa76ad96d12488c4 , 
34.0410664531 , -118.257159134 , Alma , https://foursquare.com/item/51b20a9e498e6d1e9cabc0b5 , 
34.0409714595 , -118.264382371 , Aladdin's Coffee Shop , https://foursquare.com/item/512fbca6e4b016451bb786ed , 
34.048877 , -118.260492 , Morton's The Steakhouse , https://foursquare.com/item/4d8003654a984eb95d0c22e8 , 
34.045298935 , -118.260784149 , Panini Cafe , https://foursquare.com/item/4b180d9f70c603bb3c388fb4 , 
34.0419293353 , -118.2570278 , United Artists Theater , https://foursquare.com/item/52eda9a311d23e698ce4be7e , 
34.0425140444 , -118.263383127 , Arashi Sushi , https://foursquare.com/item/51894ecf498e765ce6a24da3 , 
34.0451126099 , -118.256660461 , Pellicola Pizzeria , https://foursquare.com/item/5458393a498eb9378d37c6c6 , 
34.0444509815 , -118.265108024 , Lucky Strike LA Live , https://foursquare.com/item/4c9a9303775abfb7ec784c67 , 
34.040595 , -118.259042996 , Mayan Theater , https://foursquare.com/item/4ddec188b3ad59fcbc60c20b , 
34.04905729 , -118.260605 , California Pizza Kitchen , https://foursquare.com/item/4c706167b5a5236af6385052 , 
34.0443749063 , -118.264422341 , Nixon Bar Lounge , https://foursquare.com/item/525e8b79498e2c14b91567db , 
34.048786196 , -118.260825037 , H&M , https://foursquare.com/item/538259e511d2e2f8b168dc3c , 
34.0486402849 , -118.261026585 , Pizza Studio - Fig@7 , https://foursquare.com/item/53e3f54b498e173bf1bba327 , 
34.0439139434 , -118.265370189 , Tom's Urban , https://foursquare.com/item/530f716611d2a9635045247b , 
34.0444398715 , -118.264565089 , the farm of beverly hills , https://foursquare.com/item/5532c6fe498e986dc0f1e4d3 , 
34.0476458261 , -118.261342049 , Local Table LA , https://foursquare.com/item/53d6c50c498e31a6269d5875 , 
34.0445121786 , -118.265864253 , Wolfgang Puck Bar & Grill , https://foursquare.com/item/50c427e4e4b02917140a0222 , 
34.0448809561 , -118.25875798 , Hank's Bar , https://foursquare.com/item/4c8c6ab9ed3ab60cedef6721 , 
34.0451922566 , -118.266448975 , Glance Lobby Bar , https://foursquare.com/item/4ea86dc44fc6c67fa39917df , 
34.048799 , -118.260882 , Pazzo Gelato , https://foursquare.com/item/53bb70ba498e1613ae003526 , 
34.0485509304 , -118.258632357 , Marie's Coffee & Deli , https://foursquare.com/item/4d8ce8375091a1cd6d8a6b01 , 
34.0488278342 , -118.260967788 , George's Greek Grill , https://foursquare.com/item/51fc1331498e7a240efe9a9c , 
34.0482150441 , -118.259014936 , Bath & Body Works , https://foursquare.com/item/54519968498ebd52d5a122d3 , 
34.0410850357 , -118.267210722 , Hooters of Downtown LA , https://foursquare.com/item/4e2e19ff1fc729417e4f2725 , 
34.0444188341 , -118.265209794 , Rock'n Fish , https://foursquare.com/item/4dcc7b9145dd1ab984309fe2 , 
34.0491748263 , -118.260352314 , Starbucks , https://foursquare.com/item/4e7b8014b80384d5f57600fb , 
34.0488012431 , -118.260847877 , Oleego , https://foursquare.com/item/5277415311d2ad0f0d27ac65 , 
34.0490769902 , -118.259249051 , Seasalt Fish Grill , https://foursquare.com/item/53681ff2498ead83b9b1725b , 
34.0446055229 , -118.265944719 , The Conga Room , https://foursquare.com/item/4e2e17e81fc729417e4f2609 , 
34.044075 , -118.260872 , Fashion Cafe , https://foursquare.com/item/5272e2dd498e7caa19bddf1a , 
34.04538468 , -118.2604854 , The Coffee Bean & Tea Leaf® , https://foursquare.com/item/4e2e0c60483b93c2f2d201db , 
34.0451744768 , -118.266502619 , LA Market , https://foursquare.com/item/4eb5d0396da1df9ffaab3bbf , 
34.0486010469 , -118.260899267 , Indus by Saffron , https://foursquare.com/item/52b4e304498e4638e42e7722 , 
34.044030217 , -118.265021884 , Red Mango - LA Live (Self-Serve) , https://foursquare.com/item/52d9f1f111d2344fc5671c70 , 
34.045298935 , -118.266534805 , The Mixing Room , https://foursquare.com/item/4ef02775991107885b60d47f , 
34.0463826717 , -118.263160438 , Casa Nostra Ristorante & Bar , https://foursquare.com/item/5510c62c498ec902ddb9e53a , 
34.04800141 , -118.2584453 , Macy's , https://foursquare.com/item/4db9a282b5928d7fda7216be , 
34.0449166701 , -118.266363144 , Starbucks , https://foursquare.com/item/4d1cee590f0f2d43661aabc4 , 
34.0402203663 , -118.259294732 , The Belasco , https://foursquare.com/item/4e481f8052b1bac0d98d1ac9 , 
34.0408153475 , -118.265250281 , South Park L.A. , https://foursquare.com/item/4ecd3e699adf1839a20d6b0d , 
34.0445547925 , -118.264610769 , Stafford + Mathis Kitchen , https://foursquare.com/item/500ef4e2e4b0302f937f48fd , 
34.0451774667 , -118.266375131 , Espressamente Illy , https://foursquare.com/item/4e0d2414b61c3fe477f6fb8c , 
34.0486848644 , -118.261019179 , New Moon Cafe , https://foursquare.com/item/54935adb498efae0694b326a , 
34.0455234037 , -118.258536458 , Big Wangs , https://foursquare.com/item/4bbbdc8e70c603bb40fb96b4 , 
34.0454884347 , -118.260682285 , Ralphs , https://foursquare.com/item/4db9a1b7b5928d7fda7212b8 , 
34.0418851592 , -118.256750107 , Javier's Tacos Mexico , https://foursquare.com/item/4d855f412142a090cf0e9107 , 
34.043793848 , -118.26592405 , Lexus Club @ Staples Center , https://foursquare.com/item/525ea4a311d2582769d459f7 , 
34.0438981081 , -118.266095347 , Wayne Gretzky Statue , https://foursquare.com/item/5393c748498e099c9f7ba50c , 
34.0451455374 , -118.25675371 , Ham & Eggs Tavern , https://foursquare.com/item/5205d30711d252a87a9d3604 , 
34.0472635718 , -118.260022402 , IHOP , https://foursquare.com/item/4d62cc961ee8721e3a09c521 , 
34.0488231814 , -118.260967788 , CityTarget , https://foursquare.com/item/5075329ee4b04d62dd45863e , 
34.0488548053 , -118.261256218 , City Tavern Downtown LA , https://foursquare.com/item/5302c916498eb13ce1ed3a0f , 
34.039373 , -118.260946 , Starbucks , https://foursquare.com/item/4e3707beaeb7c2ed50aa18d3 , 
34.0500476 , -118.2672141 , The Flat , https://foursquare.com/item/4fc91311e4b018c4b8f1101b , 
34.0415962266 , -118.26215744 , Starbucks , https://foursquare.com/item/4d1cee890f0f2d43731aabc4 , 
34.041089 , -118.267421 , El Compadre , https://foursquare.com/item/536c42be498e617cba43dd4d , 
34.0477281344 , -118.260550953 , Nazo's Bakery , https://foursquare.com/item/4d94dbc6b550a093fa479087 , 
34.04467431 , -118.258435 , Gills Indian Cuisine , https://foursquare.com/item/4bba942270c603bbe9df96b4 , 
34.0439317798 , -118.266192415 , Team LA Store , https://foursquare.com/item/4dfceb78227185f38b9686d1 , 
34.047586 , -118.260391 , Pizza Next Door , https://foursquare.com/item/4ba7c82770c603bb1a5195b4 , 
34.039286502 , -118.260973498 , Subway , https://foursquare.com/item/4c768cb6c219224b0d80a528 , 
34.0482785777 , -118.261675834 , Corner Bakery Cafe , https://foursquare.com/item/4dcacdde1f6e281267800b46 , 
34.0470434002 , -118.262263967 , Fatburger , https://foursquare.com/item/5136b211e4b0855ad015433e , 
34.0464546092 , -118.262726068 , Riordan's Tavern , https://foursquare.com/item/50f57bf5e4b0ff6d352c35b4 , 
34.0487276222 , -118.260893557 , Juicy Lucy , https://foursquare.com/item/50ec33d7e4b0190389cbea02 , 
34.0442260457 , -118.266038248 , Live Basil Pizza , https://foursquare.com/item/54cd8ad911d2c099454feb2f , 
34.0399467945 , -118.259174824 , California Kabob Kitchen , https://foursquare.com/item/50edf27ce4b06780b245a507 , 
34.0443598526 , -118.265889791 , SmashBurger , https://foursquare.com/item/53feb74211d246414d5b558b , 
34.042742 , -118.257567 , Shekarchi Restaurant , https://foursquare.com/item/51ba2cba498e4cf001635c4a , 
34.0487420143 , -118.261030599 , Flying Pig , https://foursquare.com/item/5203fac6498ee51404c02c84 , 
34.0422599545 , -118.263063368 , Il Mare , https://foursquare.com/item/5068c822e4b05eea70bb4278 , 
34.0487691843 , -118.261007759 , Sport Chalet , https://foursquare.com/item/51dffbfb498e6b61baf26695 , 
34.0416063 , -118.2567638 , The Theatre at the Ace , https://foursquare.com/item/54305266498e2ef38291e0ac , 
34.0451336103 , -118.266580687 , Ford's Filling Station , https://foursquare.com/item/54a35dee498e08a7d2fe7909 , 
34.0481868669 , -118.25875798 , Macy's Plaza , https://foursquare.com/item/50ee00aae4b09038e1deea64 , 
34.0450039337 , -118.266563557 , Ion Rooftop Bar at JW Marriot , https://foursquare.com/item/4db9bdc34b22a2fe44f9236b , 
34.0481382651 , -118.260950658 , Fogo De Chao , https://foursquare.com/item/54c47eed498e33f67c4534d9 , 
34.0416924282 , -118.263097628 , Coco Fresh Tea & Juice , 
34.0422717718 , -118.263320318 , The Briks , https://foursquare.com/item/543a3734498e3ff4467cdd7f , 
34.0392836544 , -118.26112196 , Trimana Express , https://foursquare.com/item/4c97c56c9432370446340650 , 
34.0410708727 , -118.267248741 , Don Chente Bar-Grill & Lounge , 
34.0486602783 , -118.261001587 , Gentaro Soba , https://foursquare.com/item/53d12c5b498eea3f2cb8c6f4 , 
34.0440158848 , -118.261550214 , Café FIDM , https://foursquare.com/item/4e8f4bc47ee60278a5626d5a , 
34.0436789251 , -118.267020347 , Kings Care Booth , 
34.043733 , -118.266076 , Lexus Arena Club Restaurant , https://foursquare.com/item/4bb55f0e70c603bb997796b4 , 
34.0452257093 , -118.266483619 , Glance Wine Bar , 
34.0439666159 , -118.265707074 , Luc Robitaille Statue , 
34.04020155 , -118.25998378 , Dos Chinos , https://foursquare.com/item/4e9f29c7b634562fe44a9dc8 , 
34.0435114553 , -118.2668776 , The Centurion Suite from American Express at the STAPLES Center , 
34.0410015764 , -118.266260934 , Lakers Locker Room , https://foursquare.com/item/4f1343a2e4b0f2c213415a47 , 
34.0488761737 , -118.260796486 , Zara , 
34.040351638 , -118.259523136 , Belasco Ballroom , https://foursquare.com/item/5121326ae4b016d278746bc9 , 
34.0428986383 , -118.261228055 , 7-Eleven , https://foursquare.com/item/513e9842e4b0464d06accd61 , 
34.0455869813 , -118.269115853 , LA Live Dog Park , https://foursquare.com/item/53efbeed498ee7c27a2ab4c5 , 
34.0454600835 , -118.26645507 , The Nest at WP24 , https://foursquare.com/item/54a0c65e498e3522a64be544 , 
34.038423 , -118.268162 , N2N Bodywear - Wearhouse Sale , 
34.043203 , -118.264984 , Rock N Roll Marathon Volunteer , 
34.0479528323 , -118.258678038 , Pam's Deli Salad Bar & Korean Food (Macy's Plaza) , 
34.0480265725 , -118.258518154 , Dr. Garry L. Regier , https://foursquare.com/item/4f064637e5fa4d76542e2f26 , 
34.0432583689 , -118.265901211 , B.E.T. Experience @ L.A. Live , https://foursquare.com/item/51cfca28498e215463fdc2c1 , 
34.0440194951 , -118.26646078 , Rock And Roll Los Angeles Mini Marathon , 
34.0453876674 , -118.26644365 , Ritz Carlton Spa , https://foursquare.com/item/544d414d498e01e4cf9697dd , 
34.0487205022 , -118.260967788 , Torta Company , 
34.044836404 , -118.262652248 , H Studio , https://foursquare.com/item/5205d66211d2a646af1fc38e , 
34.0426131918 , -118.261070569 , Dannys Tacos , 
34.040642 , -118.267087 , OUYA Park , 
34.04645 , -118.2620658 , Denny's , 
34.0380800597 , -118.264260292 , seahorse sound studios , 
34.0389057049 , -118.259597368 , Thelma's Specials , https://foursquare.com/item/54fdb993498ebed5625d6778 , 
34.040469 , -118.269352 , Groundwork Coffee , https://foursquare.com/item/53a72c9a498e5ea973af60da , 
34.0380800597 , -118.264260292 , seahorse sound studios , 
34.048786889 , -118.260853587 , MAC cosmetics , 
34.0488864479 , -118.259289022 , 3rd Generation , https://foursquare.com/item/55090b5d498ecff9fbe9e96f , 
34.0491570474 , -118.260526657 , twist & grill ,